CV1,CV2,dom
0.0115995379503113,0.0411234608340106,DOM1
