CV1,CV2,dom
0.0093483228316245,0.0292190142003292,DOM1
