CV1,CV2,CV3,CV4,dom
0.0171550594907992,0.0103510658408926,0.00928720694328264,0.00891830870894265,DOM1
