CV1,CV2,dom
0.0101714099919223,0.0310203195493859,DOM1
